来源ID,PDF页码,源系列,类型分类,原型号,中文名称,网站英文名称,Slug,容量ml,上口及高度mm,底部尺寸mm,装箱数量,装箱单位,箱规mm,主图,规格图
p04-household,4,foil-rolls-and-sheets,家用铝箔卷,household,家用铝箔卷,Household Aluminum Foil Rolls,aluminum-foil-household,,,,,,,images/main/aluminum-foil-household.webp,images/specification/aluminum-foil-household.webp
p05-foodservice,5,foil-rolls-and-sheets,餐饮商用铝箔卷,foodservice,餐饮商用铝箔大卷,Foodservice Aluminum Foil Rolls,aluminum-foil-foodservice,,,,,,,images/main/aluminum-foil-foodservice.webp,images/specification/aluminum-foil-foodservice.webp
p06-hookah-roll,6,foil-rolls-and-sheets,水烟铝箔卷,hookah-roll,水烟铝箔卷,Hookah Aluminum Foil Rolls,aluminum-foil-hookah-roll,,,,,,,images/main/aluminum-foil-hookah-roll.webp,images/specification/aluminum-foil-hookah-roll.webp
p06-hookah-sheets,6,foil-rolls-and-sheets,水烟铝箔片,hookah-sheets,水烟铝箔片,Hookah Aluminum Foil Sheets,aluminum-foil-hookah-sheets,,,,,,,images/main/aluminum-foil-hookah-sheets.webp,images/specification/aluminum-foil-hookah-sheets.webp
p07-01,7,gold,金色迷你杯与异形容器,0806-60,金色铝箔迷你椭圆杯 0806-60（60 ml）,Gold Aluminum Foil Mini Oval Cup 0806-60 (60 ml),aluminum-foil-gold-0806-60,60,79 × 58 × 26 mm,,1000,pcs,240 × 240 × 175 mm,images/main/aluminum-foil-gold-0806-60.webp,images/specification/aluminum-foil-gold-0806-60.webp
p07-02,7,gold,金色迷你杯与异形容器,89-100心形,金色铝箔心形容器 89-100心形（100 ml）,Gold Aluminum Foil Heart Container 89-100 (100 ml),aluminum-foil-gold-89-100-heart,100,90 × 83 × 29 mm,,2000,pcs,,images/main/aluminum-foil-gold-89-100-heart.webp,images/specification/aluminum-foil-gold-89-100-heart.webp
p07-03,7,gold,金色迷你杯与异形容器,0909-110,金色铝箔方形容器 0909-110（110 ml）,Gold Aluminum Foil Square Container 0909-110 (110 ml),aluminum-foil-gold-0909-110,110,90 × 90 × 22 mm,,1000,pcs,375 × 235 × 190 mm,images/main/aluminum-foil-gold-0909-110.webp,images/specification/aluminum-foil-gold-0909-110.webp
p07-04,7,gold,金色迷你杯与异形容器,84-110,金色铝箔圆形杯 84-110（110 ml）,Gold Aluminum Foil Round Cup 84-110 (110 ml),aluminum-foil-gold-84-110,110,φ84 × 29 mm,68 mm,1000,pcs,410 × 180 × 180 mm,images/main/aluminum-foil-gold-84-110.webp,images/specification/aluminum-foil-gold-84-110.webp
p07-05,7,gold,金色迷你杯与异形容器,84-125,金色铝箔圆形杯 84-125（125 ml）,Gold Aluminum Foil Round Cup 84-125 (125 ml),aluminum-foil-gold-84-125,125,φ84 × 36 mm,66 mm,1000,pcs,432 × 366 × 186 mm,images/main/aluminum-foil-gold-84-125.webp,images/specification/aluminum-foil-gold-84-125.webp
p07-06,7,gold,金色迷你杯与异形容器,0909-180,金色铝箔方形容器 0909-180（180 ml）,Gold Aluminum Foil Square Container 0909-180 (180 ml),aluminum-foil-gold-0909-180,180,90 × 90 × 36 mm,,1000,pcs,380 × 255 × 190 mm,images/main/aluminum-foil-gold-0909-180.webp,images/specification/aluminum-foil-gold-0909-180.webp
p07-07,7,gold,金色迷你杯与异形容器,166-200,金色铝箔矩形容器 166-200（200 ml）,Gold Aluminum Foil Rectangular Container 166-200 (200 ml),aluminum-foil-gold-166-200,200,166 × 64 × 29 mm,,1000,pcs,345 × 245 × 265 mm,images/main/aluminum-foil-gold-166-200.webp,images/specification/aluminum-foil-gold-166-200.webp
p07-08,7,gold,金色迷你杯与异形容器,112-230,金色铝箔方形容器 112-230（230 ml）,Gold Aluminum Foil Square Container 112-230 (230 ml),aluminum-foil-gold-112-230,230,112 × 112 × 30 mm,,1000,pcs,465 × 265 × 235 mm,images/main/aluminum-foil-gold-112-230.webp,images/specification/aluminum-foil-gold-112-230.webp
p07-09,7,gold,金色迷你杯与异形容器,112-300,金色铝箔方形容器 112-300（300 ml）,Gold Aluminum Foil Square Container 112-300 (300 ml),aluminum-foil-gold-112-300,300,112 × 112 × 40 mm,,1000,pcs,310 × 460 × 235 mm,images/main/aluminum-foil-gold-112-300.webp,images/specification/aluminum-foil-gold-112-300.webp
p08-01,8,gold,金色圆形容器,120-300,金色铝箔圆形容器 120-300（300 ml）,Gold Aluminum Foil Round Container 120-300 (300 ml),aluminum-foil-gold-120-300,300,φ118 × 53 mm,,1000,pcs,450 × 235 × 487 mm,images/main/aluminum-foil-gold-120-300.webp,images/specification/aluminum-foil-gold-120-300.webp
p08-02,8,gold,金色圆形容器,128-450,金色铝箔圆形容器 128-450（450 ml）,Gold Aluminum Foil Round Container 128-450 (450 ml),aluminum-foil-gold-128-450,450,φ128 × 50 mm,99 mm,1000,pcs,520 × 350 × 270 mm,images/main/aluminum-foil-gold-128-450.webp,images/specification/aluminum-foil-gold-128-450.webp
p08-03,8,gold,金色圆形容器,138-680,金色铝箔圆形容器 138-680（680 ml）,Gold Aluminum Foil Round Container 138-680 (680 ml),aluminum-foil-gold-138-680,680,φ138 × 69 mm,105 mm,1000,pcs,600 × 290 × 300 mm,images/main/aluminum-foil-gold-138-680.webp,images/specification/aluminum-foil-gold-138-680.webp
p08-04,8,gold,金色圆形容器,140-520,金色铝箔圆形容器 140-520（520 ml）,Gold Aluminum Foil Round Container 140-520 (520 ml),aluminum-foil-gold-140-520,520,φ140 × 46 mm,110 mm,1000,pcs,570 × 355 × 295 mm,images/main/aluminum-foil-gold-140-520.webp,images/specification/aluminum-foil-gold-140-520.webp
p08-05,8,gold,金色圆形容器,140-620,金色铝箔圆形容器 140-620（620 ml）,Gold Aluminum Foil Round Container 140-620 (620 ml),aluminum-foil-gold-140-620,620,φ140 × 55 mm,110 mm,1000,pcs,570 × 375 × 295 mm,images/main/aluminum-foil-gold-140-620.webp,images/specification/aluminum-foil-gold-140-620.webp
p08-06,8,gold,金色圆形容器,195-1200,金色铝箔圆形容器 195-1200（1200 ml）,Gold Aluminum Foil Round Container 195-1200 (1200 ml),aluminum-foil-gold-195-1200,1200,φ195 × 53 mm,163 mm,500,pcs,395 × 395 × 365 mm,images/main/aluminum-foil-gold-195-1200.webp,images/specification/aluminum-foil-gold-195-1200.webp
p08-07,8,gold,金色圆形容器,230-1050,金色铝箔圆形容器 230-1050（1050 ml）,Gold Aluminum Foil Round Container 230-1050 (1050 ml),aluminum-foil-gold-230-1050,1050,φ230 × 40 mm,195 mm,200,pcs,475 × 280 × 245 mm,images/main/aluminum-foil-gold-230-1050.webp,images/specification/aluminum-foil-gold-230-1050.webp
p09-01,9,gold,金色圆形容器,160-600,金色铝箔圆形容器 160-600（600 ml）,Gold Aluminum Foil Round Container 160-600 (600 ml),aluminum-foil-gold-160-600,600,φ160 × 45 mm,93 mm,500,pcs,335 × 320 × 335 mm,images/main/aluminum-foil-gold-160-600.webp,images/specification/aluminum-foil-gold-160-600.webp
p09-02,9,gold,金色圆形容器,160-825,金色铝箔圆形容器 160-825（825 ml）,Gold Aluminum Foil Round Container 160-825 (825 ml),aluminum-foil-gold-160-825,825,φ160 × 54 mm,123 mm,500,pcs,355 × 340 × 340 mm,images/main/aluminum-foil-gold-160-825.webp,images/specification/aluminum-foil-gold-160-825.webp
p09-03,9,gold,金色圆形容器,160-960,金色铝箔圆形容器 160-960（960 ml）,Gold Aluminum Foil Round Container 160-960 (960 ml),aluminum-foil-gold-160-960,960,φ160 × 70 mm,123 mm,500,pcs,375 × 340 × 340 mm,images/main/aluminum-foil-gold-160-960.webp,images/specification/aluminum-foil-gold-160-960.webp
p09-04,9,gold,金色圆形容器,180-920,金色铝箔圆形容器 180-920（920 ml）,Gold Aluminum Foil Round Container 180-920 (920 ml),aluminum-foil-gold-180-920,920,φ180 × 47 mm,147 mm,500,pcs,380 × 310 × 380 mm,images/main/aluminum-foil-gold-180-920.webp,images/specification/aluminum-foil-gold-180-920.webp
p09-05,9,gold,金色圆形容器,180-1130,金色铝箔圆形容器 180-1130（1130 ml）,Gold Aluminum Foil Round Container 180-1130 (1130 ml),aluminum-foil-gold-180-1130,1130,φ180 × 60 mm,147 mm,500,pcs,395 × 380 × 380 mm,images/main/aluminum-foil-gold-180-1130.webp,images/specification/aluminum-foil-gold-180-1130.webp
p09-06,9,gold,金色圆形容器,180-1370,金色铝箔圆形容器 180-1370（1370 ml）,Gold Aluminum Foil Round Container 180-1370 (1370 ml),aluminum-foil-gold-180-1370,1370,φ180 × 80 mm,147 mm,500,pcs,370 × 370 × 375 mm,images/main/aluminum-foil-gold-180-1370.webp,images/specification/aluminum-foil-gold-180-1370.webp
p09-07,9,gold,金色圆形容器,180-1700,金色铝箔圆形容器 180-1700（1700 ml）,Gold Aluminum Foil Round Container 180-1700 (1700 ml),aluminum-foil-gold-180-1700,1700,φ180 × 97 mm,147 mm,500,pcs,390 × 370 × 375 mm,images/main/aluminum-foil-gold-180-1700.webp,images/specification/aluminum-foil-gold-180-1700.webp
p09-08,9,gold,金色圆形容器,250-2000,金色铝箔圆形容器 250-2000（2000 ml）,Gold Aluminum Foil Round Container 250-2000 (2000 ml),aluminum-foil-gold-250-2000,2000,φ250 × 52 mm,212 mm,200,pcs,510 × 260 × 315 mm,images/main/aluminum-foil-gold-250-2000.webp,images/specification/aluminum-foil-gold-250-2000.webp
p09-09,9,gold,金色圆形容器,250-2500,金色铝箔圆形容器 250-2500（2500 ml）,Gold Aluminum Foil Round Container 250-2500 (2500 ml),aluminum-foil-gold-250-2500,2500,φ250 × 62 mm,212 mm,200,pcs,510 × 340 × 265 mm,images/main/aluminum-foil-gold-250-2500.webp,images/specification/aluminum-foil-gold-250-2500.webp
p09-10,9,gold,金色圆形容器,250-3000,金色铝箔圆形容器 250-3000（3000 ml）,Gold Aluminum Foil Round Container 250-3000 (3000 ml),aluminum-foil-gold-250-3000,3000,φ250 × 80 mm,212 mm,200,pcs,510 × 325 × 270 mm,images/main/aluminum-foil-gold-250-3000.webp,images/specification/aluminum-foil-gold-250-3000.webp
p09-11,9,gold,金色圆形容器,250-3500,金色铝箔圆形容器 250-3500（3500 ml）,Gold Aluminum Foil Round Container 250-3500 (3500 ml),aluminum-foil-gold-250-3500,3500,φ250 × 93 mm,212 mm,200,pcs,510 × 345 × 270 mm,images/main/aluminum-foil-gold-250-3500.webp,images/specification/aluminum-foil-gold-250-3500.webp
p10-01,10,gold,金色圆形容器,197-1430,金色铝箔带耳圆形容器 197-1430（1430 ml）,Gold Aluminum Foil Round Container with Ear Tabs 197-1430 (1430 ml),aluminum-foil-gold-197-1430,1430,210 × 197 × 63 mm,157 mm,500,pcs,430 × 360 × 405 mm,images/main/aluminum-foil-gold-197-1430.webp,images/specification/aluminum-foil-gold-197-1430.webp
p10-02,10,gold,金色圆形容器,270-2200,金色铝箔圆形容器 270-2200（2200 ml）,Gold Aluminum Foil Round Container 270-2200 (2200 ml),aluminum-foil-gold-270-2200,2200,φ290 × 55 mm,204 mm,200,pcs,545 × 300 × 295 mm,images/main/aluminum-foil-gold-270-2200.webp,images/specification/aluminum-foil-gold-270-2200.webp
p10-03,10,gold,金色圆形容器,270-3100,金色铝箔圆形容器 270-3100（3100 ml）,Gold Aluminum Foil Round Container 270-3100 (3100 ml),aluminum-foil-gold-270-3100,3100,φ290 × 75 mm,204 mm,200,pcs,555 × 315 × 285 mm,images/main/aluminum-foil-gold-270-3100.webp,images/specification/aluminum-foil-gold-270-3100.webp
p10-04,10,gold,金色圆形容器,270-3500,金色铝箔圆形容器 270-3500（3500 ml）,Gold Aluminum Foil Round Container 270-3500 (3500 ml),aluminum-foil-gold-270-3500,3500,φ290 × 85 mm,204 mm,200,pcs,550 × 360 × 295 mm,images/main/aluminum-foil-gold-270-3500.webp,images/specification/aluminum-foil-gold-270-3500.webp
p10-05,10,gold,金色圆形容器,270-4000,金色铝箔圆形容器 270-4000（4000 ml）,Gold Aluminum Foil Round Container 270-4000 (4000 ml),aluminum-foil-gold-270-4000,4000,φ290 × 95 mm,204 mm,200,pcs,550 × 390 × 285 mm,images/main/aluminum-foil-gold-270-4000.webp,images/specification/aluminum-foil-gold-270-4000.webp
p10-06,10,gold,金色圆形容器,280-4000,金色铝箔圆形容器 280-4000（4000 ml）,Gold Aluminum Foil Round Container 280-4000 (4000 ml),aluminum-foil-gold-280-4000,4000,φ280 × 87 mm,230 mm,200,pcs,560 × 360 × 295 mm,images/main/aluminum-foil-gold-280-4000.webp,images/specification/aluminum-foil-gold-280-4000.webp
p10-07,10,gold,金色圆形容器,280-5000,金色铝箔圆形容器 280-5000（5000 ml）,Gold Aluminum Foil Round Container 280-5000 (5000 ml),aluminum-foil-gold-280-5000,5000,φ280 × 110 mm,230 mm,200,pcs,570 × 400 × 295 mm,images/main/aluminum-foil-gold-280-5000.webp,images/specification/aluminum-foil-gold-280-5000.webp
p10-08,10,gold,金色圆形容器,280-6000,金色铝箔圆形容器 280-6000（6000 ml）,Gold Aluminum Foil Round Container 280-6000 (6000 ml),aluminum-foil-gold-280-6000,6000,φ280 × 133 mm,218 mm,200,pcs,575 × 380 × 300 mm,images/main/aluminum-foil-gold-280-6000.webp,images/specification/aluminum-foil-gold-280-6000.webp
p10-09,10,gold,金色圆形容器,320-8600,金色铝箔圆形容器 320-8600（8600 ml）,Gold Aluminum Foil Round Container 320-8600 (8600 ml),aluminum-foil-gold-320-8600,8600,φ320 × 139 mm,255 mm,100,pcs,430 × 330 × 335 mm,images/main/aluminum-foil-gold-320-8600.webp,images/specification/aluminum-foil-gold-320-8600.webp
p11-01,11,gold,金色矩形容器,161-320,金色铝箔矩形容器 161-320（320 ml）,Gold Aluminum Foil Rectangular Container 161-320 (320 ml),aluminum-foil-gold-161-320,320,161 × 110 × 30 mm,,1000,pcs,580 × 240 × 340 mm,images/main/aluminum-foil-gold-161-320.webp,images/specification/aluminum-foil-gold-161-320.webp
p11-02,11,gold,金色矩形容器,161-510,金色铝箔矩形容器 161-510（510 ml）,Gold Aluminum Foil Rectangular Container 161-510 (510 ml),aluminum-foil-gold-161-510,510,161 × 110 × 38 mm,,1000,pcs,460 × 305 × 335 mm,images/main/aluminum-foil-gold-161-510.webp,images/specification/aluminum-foil-gold-161-510.webp
p11-03,11,gold,金色矩形容器,161-680,金色铝箔矩形容器 161-680（680 ml）,Gold Aluminum Foil Rectangular Container 161-680 (680 ml),aluminum-foil-gold-161-680,680,161 × 110 × 55 mm,,1000,pcs,465 × 375 × 340 mm,images/main/aluminum-foil-gold-161-680.webp,images/specification/aluminum-foil-gold-161-680.webp
p11-04,11,gold,金色矩形容器,184-580,金色铝箔矩形容器 184-580（580 ml）,Gold Aluminum Foil Rectangular Container 184-580 (580 ml),aluminum-foil-gold-184-580,580,184 × 128 × 35 mm,,1000,pcs,525 × 305 × 385 mm,images/main/aluminum-foil-gold-184-580.webp,images/specification/aluminum-foil-gold-184-580.webp
p11-05,11,gold,金色矩形容器,184-665,金色铝箔矩形容器 184-665（665 ml）,Gold Aluminum Foil Rectangular Container 184-665 (665 ml),aluminum-foil-gold-184-665,665,184 × 128 × 40 mm,,1000,pcs,525 × 325 × 385 mm,images/main/aluminum-foil-gold-184-665.webp,images/specification/aluminum-foil-gold-184-665.webp
p11-06,11,gold,金色矩形容器,184-750,金色铝箔矩形容器 184-750（750 ml）,Gold Aluminum Foil Rectangular Container 184-750 (750 ml),aluminum-foil-gold-184-750,750,184 × 128 × 45 mm,,1000,pcs,525 × 320 × 385 mm,images/main/aluminum-foil-gold-184-750.webp,images/specification/aluminum-foil-gold-184-750.webp
p11-07,11,gold,金色矩形容器,184-930,金色铝箔矩形容器 184-930（930 ml）,Gold Aluminum Foil Rectangular Container 184-930 (930 ml),aluminum-foil-gold-184-930,930,184 × 128 × 55 mm,,1000,pcs,530 × 385 × 395 mm,images/main/aluminum-foil-gold-184-930.webp,images/specification/aluminum-foil-gold-184-930.webp
p11-08,11,gold,金色矩形容器,220-1050,金色铝箔矩形容器 220-1050（1050 ml）,Gold Aluminum Foil Rectangular Container 220-1050 (1050 ml),aluminum-foil-gold-220-1050,1050,220 × 150 × 45 mm,,500,pcs,450 × 315 × 335 mm,images/main/aluminum-foil-gold-220-1050.webp,images/specification/aluminum-foil-gold-220-1050.webp
p11-09,11,gold,金色矩形容器,221-1025,金色铝箔矩形容器 221-1025（1025 ml）,Gold Aluminum Foil Rectangular Container 221-1025 (1025 ml),aluminum-foil-gold-221-1025,1025,221 × 168 × 40 mm,,500,pcs,590 × 350 × 235 mm,images/main/aluminum-foil-gold-221-1025.webp,images/specification/aluminum-foil-gold-221-1025.webp
p12-01,12,gold,金色矩形容器,221-1400,金色铝箔矩形容器 221-1400（1400 ml）,Gold Aluminum Foil Rectangular Container 221-1400 (1400 ml),aluminum-foil-gold-221-1400,1400,221 × 168 × 56 mm,,500,pcs,455 × 375 × 350 mm,images/main/aluminum-foil-gold-221-1400.webp,images/specification/aluminum-foil-gold-221-1400.webp
p12-02,12,gold,金色矩形容器,221-1800,金色铝箔矩形容器 221-1800（1800 ml）,Gold Aluminum Foil Rectangular Container 221-1800 (1800 ml),aluminum-foil-gold-221-1800,1800,221 × 168 × 75 mm,,500,pcs,455 × 380 × 350 mm,images/main/aluminum-foil-gold-221-1800.webp,images/specification/aluminum-foil-gold-221-1800.webp
p12-03,12,gold,金色矩形容器,278-2200,金色铝箔矩形容器 278-2200（2200 ml）,Gold Aluminum Foil Rectangular Container 278-2200 (2200 ml),aluminum-foil-gold-278-2200,2200,278 × 197 × 55 mm,,200,pcs,405 × 320 × 295 mm,images/main/aluminum-foil-gold-278-2200.webp,images/specification/aluminum-foil-gold-278-2200.webp
p12-04,12,gold,金色矩形容器,278-3300,金色铝箔矩形容器 278-3300（3300 ml）,Gold Aluminum Foil Rectangular Container 278-3300 (3300 ml),aluminum-foil-gold-278-3300,3300,278 × 197 × 87 mm,,200,pcs,405 × 360 × 290 mm,images/main/aluminum-foil-gold-278-3300.webp,images/specification/aluminum-foil-gold-278-3300.webp
p12-05,12,gold,金色矩形容器,330-2500,金色铝箔矩形容器 330-2500（2500 ml）,Gold Aluminum Foil Rectangular Container 330-2500 (2500 ml),aluminum-foil-gold-330-2500,2500,330 × 230 × 45 mm,,200,pcs,460 × 315 × 345 mm,images/main/aluminum-foil-gold-330-2500.webp,images/specification/aluminum-foil-gold-330-2500.webp
p12-06,12,gold,金色矩形容器,330-3500,金色铝箔矩形容器 330-3500（3500 ml）,Gold Aluminum Foil Rectangular Container 330-3500 (3500 ml),aluminum-foil-gold-330-3500,3500,330 × 230 × 60 mm,,200,pcs,460 × 330 × 350 mm,images/main/aluminum-foil-gold-330-3500.webp,images/specification/aluminum-foil-gold-330-3500.webp
p12-07,12,gold,金色矩形容器,370-3800,金色铝箔矩形容器 370-3800（3800 ml）,Gold Aluminum Foil Rectangular Container 370-3800 (3800 ml),aluminum-foil-gold-370-3800,3800,370 × 268 × 45 mm,,200,pcs,380 × 335 × 285 mm,images/main/aluminum-foil-gold-370-3800.webp,images/specification/aluminum-foil-gold-370-3800.webp
p12-08,12,gold,金色矩形容器,370-4670,金色铝箔矩形容器 370-4670（4670 ml）,Gold Aluminum Foil Rectangular Container 370-4670 (4670 ml),aluminum-foil-gold-370-4670,4670,370 × 270 × 60 mm,,100,pcs,390 × 385 × 285 mm,images/main/aluminum-foil-gold-370-4670.webp,images/specification/aluminum-foil-gold-370-4670.webp
p13-01,13,silver-l,银色矩形与方形容器,L-130,银色铝箔矩形容器 L-130（260 ml）,Silver Aluminum Foil Rectangular Container L-130 (260 ml),aluminum-foil-silver-l-l-130,260,130 × 99 × 42 mm,90 × 65 mm,1000,pcs,420 × 285 × 280 mm,images/main/aluminum-foil-silver-l-l-130.webp,images/specification/aluminum-foil-silver-l-l-130.webp
p13-02,13,silver-l,银色矩形与方形容器,L-150,银色铝箔矩形容器 L-150（450 ml）,Silver Aluminum Foil Rectangular Container L-150 (450 ml),aluminum-foil-silver-l-l-150,450,144 × 119 × 49 mm,107 × 81 mm,1000,pcs,490 × 275 × 300 mm,images/main/aluminum-foil-silver-l-l-150.webp,images/specification/aluminum-foil-silver-l-l-150.webp
p13-03,13,silver-l,银色矩形与方形容器,L-165,银色铝箔矩形容器 L-165（550 ml）,Silver Aluminum Foil Rectangular Container L-165 (550 ml),aluminum-foil-silver-l-l-165,550,165 × 135 × 48 mm,130 × 103 mm,1000,pcs,560 × 335 × 345 mm,images/main/aluminum-foil-silver-l-l-165.webp,images/specification/aluminum-foil-silver-l-l-165.webp
p13-04,13,silver-l,银色矩形与方形容器,L-175,银色铝箔矩形容器 L-175（410 ml）,Silver Aluminum Foil Rectangular Container L-175 (410 ml),aluminum-foil-silver-l-l-175,410,175 × 113 × 38 mm,140 × 76 mm,1000,pcs,460 × 300 × 370 mm,images/main/aluminum-foil-silver-l-l-175.webp,images/specification/aluminum-foil-silver-l-l-175.webp
p13-05,13,silver-l,银色矩形与方形容器,L-185,银色铝箔矩形容器 L-185（700 ml）,Silver Aluminum Foil Rectangular Container L-185 (700 ml),aluminum-foil-silver-l-l-185,700,185 × 135 × 50 mm,147 × 97 mm,1000,pcs,500 × 300 × 390 mm,images/main/aluminum-foil-silver-l-l-185.webp,images/specification/aluminum-foil-silver-l-l-185.webp
p13-06,13,silver-l,银色矩形与方形容器,L-195深,银色铝箔矩形容器 L-195深（850 ml）,Silver Aluminum Foil Rectangular Container L-195 Deep (850 ml),aluminum-foil-silver-l-l-195-deep,850,194 × 145 × 53 mm,156 × 105 mm,1000,pcs,580 × 305 × 400 mm,images/main/aluminum-foil-silver-l-l-195-deep.webp,images/specification/aluminum-foil-silver-l-l-195-deep.webp
p13-07,13,silver-l,银色矩形与方形容器,L-2011,银色铝箔矩形容器 L-2011（650 ml）,Silver Aluminum Foil Rectangular Container L-2011 (650 ml),aluminum-foil-silver-l-l-2011,650,204 × 111 × 55 mm,160 × 70 mm,1000,pcs,465 × 318 × 425 mm,images/main/aluminum-foil-silver-l-l-2011.webp,images/specification/aluminum-foil-silver-l-l-2011.webp
p13-08,13,silver-l,银色矩形与方形容器,L-205方,银色铝箔方形容器 L-205方（1100 ml）,Silver Aluminum Foil Square Container L-205 Square (1100 ml),aluminum-foil-silver-l-l-205-square,1100,205 × 205 × 42 mm,170 × 170 mm,1000,pcs,420 × 400 × 425 mm,images/main/aluminum-foil-silver-l-l-205-square.webp,images/specification/aluminum-foil-silver-l-l-205-square.webp
p14-01,14,silver-l,银色矩形与方形容器,L-211,银色铝箔矩形容器 L-211（850 ml）,Silver Aluminum Foil Rectangular Container L-211 (850 ml),aluminum-foil-silver-l-l-211,850,210 × 140 × 48 mm,173 × 103 mm,1000,pcs,575 × 315 × 440 mm,images/main/aluminum-foil-silver-l-l-211.webp,images/specification/aluminum-foil-silver-l-l-211.webp
p14-02,14,silver-l,银色矩形与方形容器,L-220,银色铝箔矩形容器 L-220（1100 ml）,Silver Aluminum Foil Rectangular Container L-220 (1100 ml),aluminum-foil-silver-l-l-220,1100,220 × 160 × 51 mm,170 × 116 mm,1000,pcs,545 × 335 × 455 mm,images/main/aluminum-foil-silver-l-l-220.webp,images/specification/aluminum-foil-silver-l-l-220.webp
p14-03,14,silver-l,银色矩形与方形容器,L-2514,银色铝箔矩形容器 L-2514（1100 ml）,Silver Aluminum Foil Rectangular Container L-2514 (1100 ml),aluminum-foil-silver-l-l-2514,1100,250 × 145 × 47 mm,210 × 104 mm,500,pcs,515 × 530 × 295 mm,images/main/aluminum-foil-silver-l-l-2514.webp,images/specification/aluminum-foil-silver-l-l-2514.webp
p14-04,14,silver-l,银色矩形与方形容器,L-2619,银色铝箔矩形容器 L-2619（1900 ml）,Silver Aluminum Foil Rectangular Container L-2619 (1900 ml),aluminum-foil-silver-l-l-2619,1900,260 × 190 × 65 mm,212 × 145 mm,500,pcs,560 × 395 × 280 mm,images/main/aluminum-foil-silver-l-l-2619.webp,images/specification/aluminum-foil-silver-l-l-2619.webp
p14-05,14,silver-l,银色矩形与方形容器,L-315,银色铝箔矩形容器 L-315（2000 ml）,Silver Aluminum Foil Rectangular Container L-315 (2000 ml),aluminum-foil-silver-l-l-315,2000,315 × 216 × 50 mm,270 × 175 mm,500,pcs,645 × 315 × 435 mm,images/main/aluminum-foil-silver-l-l-315.webp,images/specification/aluminum-foil-silver-l-l-315.webp
p14-06,14,silver-l,银色矩形与方形容器,L-320,银色铝箔矩形容器 L-320（3500 ml）,Silver Aluminum Foil Rectangular Container L-320 (3500 ml),aluminum-foil-silver-l-l-320,3500,320 × 264 × 60 mm,260 × 200 mm,100,pcs,460 × 330 × 290 mm,images/main/aluminum-foil-silver-l-l-320.webp,images/specification/aluminum-foil-silver-l-l-320.webp
p14-07,14,silver-l,银色矩形与方形容器,L-350,银色铝箔矩形容器 L-350（1350 ml）,Silver Aluminum Foil Rectangular Container L-350 (1350 ml),aluminum-foil-silver-l-l-350,1350,350 × 133 × 52 mm,313 × 97 mm,500,pcs,570 × 350 × 375 mm,images/main/aluminum-foil-silver-l-l-350.webp,images/specification/aluminum-foil-silver-l-l-350.webp
p14-08,14,silver-l,银色矩形与方形容器,L-370,银色铝箔矩形容器 L-370（4800 ml）,Silver Aluminum Foil Rectangular Container L-370 (4800 ml),aluminum-foil-silver-l-l-370,4800,370 × 270 × 70 mm,313 × 210 mm,100,pcs,480 × 380 × 285 mm,images/main/aluminum-foil-silver-l-l-370.webp,images/specification/aluminum-foil-silver-l-l-370.webp
p15-01,15,silver-l,银色矩形与方形容器,L-430,银色铝箔矩形容器 L-430（5830 ml）,Silver Aluminum Foil Rectangular Container L-430 (5830 ml),aluminum-foil-silver-l-l-430,5830,428 × 308 × 68 mm,357 × 238 mm,50,pcs,440 × 360 × 330 mm,images/main/aluminum-foil-silver-l-l-430.webp,images/specification/aluminum-foil-silver-l-l-430.webp
p15-02,15,silver-l,银色椭圆托盘,L-470,银色铝箔椭圆托盘 L-470（6800 ml）,Silver Aluminum Foil Oval Tray L-470 (6800 ml),aluminum-foil-silver-l-l-470,6800,466 × 348 × 80 mm,379 × 265 mm,50,pcs,465 × 335 × 360 mm,images/main/aluminum-foil-silver-l-l-470.webp,images/specification/aluminum-foil-silver-l-l-470.webp
p15-03,15,silver-l,银色矩形与方形容器,L-525,银色铝箔矩形容器 L-525（9700 ml）,Silver Aluminum Foil Rectangular Container L-525 (9700 ml),aluminum-foil-silver-l-l-525,9700,525 × 327 × 68 mm,455 × 225 mm,50,pcs,535 × 310 × 340 mm,images/main/aluminum-foil-silver-l-l-525.webp,images/specification/aluminum-foil-silver-l-l-525.webp
p15-04,15,silver-l,银色带盖圆锅,L-212锅,银色铝箔带盖圆锅 L-212锅（1100 ml）,Silver Aluminum Foil Pot with Lid L-212 (1100 ml),aluminum-foil-silver-l-l-212-pot,1100,φ212 × 65 mm,135 mm,200,sets,420 × 380 × 380 mm,images/main/aluminum-foil-silver-l-l-212-pot.webp,images/specification/aluminum-foil-silver-l-l-212-pot.webp
p15-05,15,silver-l,银色带盖圆锅,L-252锅,银色铝箔带盖圆锅 L-252锅（2300 ml）,Silver Aluminum Foil Pot with Lid L-252 (2300 ml),aluminum-foil-silver-l-l-252-pot,2300,φ256 × 93 mm,171 mm,150,sets,635 × 440 × 225 mm,images/main/aluminum-foil-silver-l-l-252-pot.webp,images/specification/aluminum-foil-silver-l-l-252-pot.webp
p15-06,15,silver-l,银色带盖圆锅,L-292锅,银色铝箔带盖圆锅 L-292锅（3800 ml）,Silver Aluminum Foil Pot with Lid L-292 (3800 ml),aluminum-foil-silver-l-l-292-pot,3800,φ294 × 112 mm,199 mm,100,sets,535 × 510 × 268 mm,images/main/aluminum-foil-silver-l-l-292-pot.webp,images/specification/aluminum-foil-silver-l-l-292-pot.webp
p15-07,15,silver-l,银色带盖圆锅,L-338锅,银色铝箔带盖圆锅 L-338锅（5100 ml）,Silver Aluminum Foil Pot with Lid L-338 (5100 ml),aluminum-foil-silver-l-l-338-pot,5100,φ338 × 120 mm,220 mm,76,sets,620 × 350 × 320 mm,images/main/aluminum-foil-silver-l-l-338-pot.webp,images/specification/aluminum-foil-silver-l-l-338-pot.webp
p15-08,15,silver-l,银色带盖圆锅,L-390锅,银色铝箔带盖圆锅 L-390锅（9000 ml）,Silver Aluminum Foil Pot with Lid L-390 (9000 ml),aluminum-foil-silver-l-l-390-pot,9000,φ390 × 114 mm,354 mm,50,sets,530 × 365 × 365 mm,images/main/aluminum-foil-silver-l-l-390-pot.webp,images/specification/aluminum-foil-silver-l-l-390-pot.webp
p16-01,16,silver-l,银色椭圆托盘,L-345,银色铝箔椭圆托盘 L-345（820 ml）,Silver Aluminum Foil Oval Tray L-345 (820 ml),aluminum-foil-silver-l-l-345,820,345 × 245 × 21 mm,254 × 155 mm,100,pcs,360 × 260 × 260 mm,images/main/aluminum-foil-silver-l-l-345.webp,images/specification/aluminum-foil-silver-l-l-345.webp
p16-02,16,silver-l,银色椭圆托盘,L-428,银色铝箔椭圆托盘 L-428（1460 ml）,Silver Aluminum Foil Oval Tray L-428 (1460 ml),aluminum-foil-silver-l-l-428,1460,428 × 288 × 24 mm,315 × 182 mm,50,pcs,440 × 175 × 300 mm,images/main/aluminum-foil-silver-l-l-428.webp,images/specification/aluminum-foil-silver-l-l-428.webp
p16-03,16,silver-l,银色椭圆托盘,L-549,银色铝箔椭圆托盘 L-549（2840 ml）,Silver Aluminum Foil Oval Tray L-549 (2840 ml),aluminum-foil-silver-l-l-549,2840,549 × 365 × 27 mm,405 × 236 mm,50,pcs,560 × 195 × 375 mm,images/main/aluminum-foil-silver-l-l-549.webp,images/specification/aluminum-foil-silver-l-l-549.webp
p16-04,16,silver-l,银色圆碗与圆盘,L-7寸盘,银色铝箔圆盘 L-7寸盘（650 ml）,Silver Aluminum Foil Round Plate L-7 Inch (650 ml),aluminum-foil-silver-l-l-7-inch-plate,650,φ183 × 43 mm,136 mm,1000,pcs,615 × 380 × 380 mm,images/main/aluminum-foil-silver-l-l-7-inch-plate.webp,images/specification/aluminum-foil-silver-l-l-7-inch-plate.webp
p16-05,16,silver-l,银色圆碗与圆盘,L-8寸盘,银色铝箔圆盘 L-8寸盘（850 ml）,Silver Aluminum Foil Round Plate L-8 Inch (850 ml),aluminum-foil-silver-l-l-8-inch-plate,850,φ215 × 41 mm,175 mm,1000,pcs,550 × 440 × 440 mm,images/main/aluminum-foil-silver-l-l-8-inch-plate.webp,images/specification/aluminum-foil-silver-l-l-8-inch-plate.webp
p16-06,16,silver-l,银色圆碗与圆盘,L-9寸盘,银色铝箔圆盘 L-9寸盘（1500 ml）,Silver Aluminum Foil Round Plate L-9 Inch (1500 ml),aluminum-foil-silver-l-l-9-inch-plate,1500,φ232 × 50 mm,195 mm,500,pcs,480 × 315 × 480 mm,images/main/aluminum-foil-silver-l-l-9-inch-plate.webp,images/specification/aluminum-foil-silver-l-l-9-inch-plate.webp
p16-07,16,silver-l,银色分格餐盒,两格,银色铝箔两格餐盒 两格（900 ml）,Silver Aluminum Foil Two Compartment Container (900 ml),aluminum-foil-silver-l-two-compartment,900,227 × 177 × 36 mm,197 × 145 mm,500,pcs,472 × 310 × 375 mm,images/main/aluminum-foil-silver-l-two-compartment.webp,images/specification/aluminum-foil-silver-l-two-compartment.webp
p16-08,16,silver-l,银色分格餐盒,Y三格,银色铝箔三格餐盒 Y三格（650 ml）,Silver Aluminum Foil Three Compartment Container Y (650 ml),aluminum-foil-silver-l-y-three-compartment,650,227 × 177 × 36 mm,190 × 150 mm,500,pcs,370 × 355 × 480 mm,images/main/aluminum-foil-silver-l-y-three-compartment.webp,images/specification/aluminum-foil-silver-l-y-three-compartment.webp
p17-01,17,silver,银色矩形与方形容器,130（1310）,银色铝箔矩形容器 130（1310）（225 ml）,Silver Aluminum Foil Rectangular Container 130 (1310) (225 ml),aluminum-foil-silver-130-1310,225,131 × 101 × 37 mm,90 × 60 mm,1000,pcs,420 × 300 × 280 mm,images/main/aluminum-foil-silver-130-1310.webp,images/specification/aluminum-foil-silver-130-1310.webp
p17-02,17,silver,银色矩形与方形容器,150（1512）,银色铝箔矩形容器 150（1512）（400 ml）,Silver Aluminum Foil Rectangular Container 150 (1512) (400 ml),aluminum-foil-silver-150-1512,400,150 × 125 × 48 mm,106 × 80 mm,1000,pcs,500 × 300 × 305 mm,images/main/aluminum-foil-silver-150-1512.webp,images/specification/aluminum-foil-silver-150-1512.webp
p17-03,17,silver,银色矩形与方形容器,165（1613）,银色铝箔矩形容器 165（1613）（600 ml）,Silver Aluminum Foil Rectangular Container 165 (1613) (600 ml),aluminum-foil-silver-165-1613,600,165 × 130 × 45 mm,120 × 95 mm,1000,pcs,590 × 300 × 350 mm,images/main/aluminum-foil-silver-165-1613.webp,images/specification/aluminum-foil-silver-165-1613.webp
p17-04,17,silver,银色矩形与方形容器,175（1711）,银色铝箔矩形容器 175（1711）（450 ml）,Silver Aluminum Foil Rectangular Container 175 (1711) (450 ml),aluminum-foil-silver-175-1711,450,175 × 110 × 40 mm,142 × 80 mm,1000,pcs,560 × 235 × 365 mm,images/main/aluminum-foil-silver-175-1711.webp,images/specification/aluminum-foil-silver-175-1711.webp
p17-05,17,silver,银色矩形与方形容器,185（1813）,银色铝箔矩形容器 185（1813）（750 ml）,Silver Aluminum Foil Rectangular Container 185 (1813) (750 ml),aluminum-foil-silver-185-1813,750,185 × 130 × 50 mm,145 × 98 mm,1000,pcs,570 × 300 × 390 mm,images/main/aluminum-foil-silver-185-1813.webp,images/specification/aluminum-foil-silver-185-1813.webp
p17-06,17,silver,银色矩形与方形容器,195浅（1914）,银色铝箔矩形容器 195浅（1914）（600 ml）,Silver Aluminum Foil Rectangular Container 195 Shallow (1914) (600 ml),aluminum-foil-silver-195-shallow-1914,600,195 × 140 × 40 mm,155 × 105 mm,1000,pcs,590 × 300 × 405 mm,images/main/aluminum-foil-silver-195-shallow-1914.webp,images/specification/aluminum-foil-silver-195-shallow-1914.webp
p17-07,17,silver,银色矩形与方形容器,195深,银色铝箔矩形容器 195深（850 ml）,Silver Aluminum Foil Rectangular Container 195 Deep (850 ml),aluminum-foil-silver-195-deep,850,190 × 140 × 55 mm,150 × 100 mm,1000,pcs,600 × 345 × 410 mm,images/main/aluminum-foil-silver-195-deep.webp,images/specification/aluminum-foil-silver-195-deep.webp
p17-08,17,silver,银色矩形与方形容器,205（2011）,银色铝箔矩形容器 205（2011）（650 ml）,Silver Aluminum Foil Rectangular Container 205 (2011) (650 ml),aluminum-foil-silver-205-2011,650,205 × 110 × 57 mm,162 × 70 mm,1000,pcs,630 × 250 × 420 mm,images/main/aluminum-foil-silver-205-2011.webp,images/specification/aluminum-foil-silver-205-2011.webp
p18-01,18,silver,银色矩形与方形容器,2114,银色铝箔矩形容器 2114（800 ml）,Silver Aluminum Foil Rectangular Container 2114 (800 ml),aluminum-foil-silver-2114,800,210 × 140 × 43 mm,174 × 103 mm,1000,pcs,620 × 280 × 425 mm,images/main/aluminum-foil-silver-2114.webp,images/specification/aluminum-foil-silver-2114.webp
p18-02,18,silver,银色矩形与方形容器,220,银色铝箔矩形容器 220（1000 ml）,Silver Aluminum Foil Rectangular Container 220 (1000 ml),aluminum-foil-silver-220,1000,215 × 160 × 55 mm,175 × 125 mm,1000,pcs,585 × 330 × 435 mm,images/main/aluminum-foil-silver-220.webp,images/specification/aluminum-foil-silver-220.webp
p18-03,18,silver,银色矩形与方形容器,2317,银色铝箔矩形容器 2317（1000 ml）,Silver Aluminum Foil Rectangular Container 2317 (1000 ml),aluminum-foil-silver-2317,1000,230 × 170 × 45 mm,195 × 135 mm,1000,pcs,520 × 480 × 360 mm,images/main/aluminum-foil-silver-2317.webp,images/specification/aluminum-foil-silver-2317.webp
p18-04,18,silver,银色矩形与方形容器,2619,银色铝箔矩形容器 2619（1900 ml）,Silver Aluminum Foil Rectangular Container 2619 (1900 ml),aluminum-foil-silver-2619,1900,260 × 190 × 65 mm,205 × 135 mm,500,pcs,540 × 450 × 405 mm,images/main/aluminum-foil-silver-2619.webp,images/specification/aluminum-foil-silver-2619.webp
p18-05,18,silver,银色矩形与方形容器,315,银色铝箔矩形容器 315（2100 ml）,Silver Aluminum Foil Rectangular Container 315 (2100 ml),aluminum-foil-silver-315,2100,315 × 215 × 50 mm,275 × 175 mm,500,pcs,655 × 400 × 465 mm,images/main/aluminum-foil-silver-315.webp,images/specification/aluminum-foil-silver-315.webp
p18-06,18,silver,银色矩形与方形容器,320,银色铝箔矩形容器 320（3200 ml）,Silver Aluminum Foil Rectangular Container 320 (3200 ml),aluminum-foil-silver-320,3200,320 × 265 × 60 mm,250 × 195 mm,100,pcs,420 × 260 × 330 mm,images/main/aluminum-foil-silver-320.webp,images/specification/aluminum-foil-silver-320.webp
p18-07,18,silver,银色矩形与方形容器,350,银色铝箔矩形容器 350（1200 ml）,Silver Aluminum Foil Rectangular Container 350 (1200 ml),aluminum-foil-silver-350,1200,353 × 133 × 52 mm,311 × 90 mm,500,pcs,600 × 280 × 360 mm,images/main/aluminum-foil-silver-350.webp,images/specification/aluminum-foil-silver-350.webp
p18-08,18,silver,银色矩形与方形容器,350深,银色铝箔矩形容器 350深（1800 ml）,Silver Aluminum Foil Rectangular Container 350 Deep (1800 ml),aluminum-foil-silver-350-deep,1800,353 × 135 × 73 mm,306 × 80.5 mm,500,pcs,560 × 400 × 370 mm,images/main/aluminum-foil-silver-350-deep.webp,images/specification/aluminum-foil-silver-350-deep.webp
p19-01,19,silver,银色矩形与方形容器,370,银色铝箔矩形容器 370（4700 ml）,Silver Aluminum Foil Rectangular Container 370 (4700 ml),aluminum-foil-silver-370,4700,370 × 270 × 70 mm,314 × 215 mm,100,pcs,480 × 375 × 285 mm,images/main/aluminum-foil-silver-370.webp,images/specification/aluminum-foil-silver-370.webp
p19-02,19,silver,银色矩形与方形容器,525,银色铝箔矩形容器 525（10500 ml）,Silver Aluminum Foil Rectangular Container 525 (10500 ml),aluminum-foil-silver-525,10500,528 × 325 × 82 mm,465 × 266 mm,50,pcs,530 × 330 × 285 mm,images/main/aluminum-foil-silver-525.webp,images/specification/aluminum-foil-silver-525.webp
p19-03,19,silver,银色圆碗与圆盘,Y74,银色铝箔圆形杯 Y74（35 ml）,Silver Aluminum Foil Round Cup Y74 (35 ml),aluminum-foil-silver-y74,35,φ74 × 19 mm,40 mm,10000,pcs,607 × 430 × 378 mm,images/main/aluminum-foil-silver-y74.webp,images/specification/aluminum-foil-silver-y74.webp
p19-04,19,silver,银色圆碗与圆盘,Y82,银色铝箔圆形杯 Y82（110 ml）,Silver Aluminum Foil Round Cup Y82 (110 ml),aluminum-foil-silver-y82,110,φ82 × 39 mm,56 mm,3000,pcs,535 × 295 × 390 mm,images/main/aluminum-foil-silver-y82.webp,images/specification/aluminum-foil-silver-y82.webp
p19-05,19,silver,银色心形容器,98心形,银色铝箔心形容器 98心形（260 ml）,Silver Aluminum Foil Heart Container 98 (260 ml),aluminum-foil-silver-98-heart,260,110 × 35 mm,82 mm,2000,pcs,380 × 305 × 340 mm,images/main/aluminum-foil-silver-98-heart.webp,images/specification/aluminum-foil-silver-98-heart.webp
p19-06,19,silver,银色圆碗与圆盘,Y110,银色铝箔圆形杯 Y110（260 ml）,Silver Aluminum Foil Round Cup Y110 (260 ml),aluminum-foil-silver-y110,260,φ110 × 35 mm,85 mm,2000,pcs,580 × 480 × 232 mm,images/main/aluminum-foil-silver-y110.webp,images/specification/aluminum-foil-silver-y110.webp
p19-07,19,silver,银色圆碗与圆盘,Y120,银色铝箔圆形杯 Y120（300 ml）,Silver Aluminum Foil Round Cup Y120 (300 ml),aluminum-foil-silver-y120,300,φ120 × 45 mm,85 mm,1000,pcs,450 × 245 × 490 mm,images/main/aluminum-foil-silver-y120.webp,images/specification/aluminum-foil-silver-y120.webp
p19-08,19,silver,银色圆碗与圆盘,Y140,银色铝箔圆形杯 Y140（450 ml）,Silver Aluminum Foil Round Cup Y140 (450 ml),aluminum-foil-silver-y140,450,φ140 × 57 mm,95 mm,1000,pcs,560 × 520 × 300 mm,images/main/aluminum-foil-silver-y140.webp,images/specification/aluminum-foil-silver-y140.webp
p20-01,20,silver,银色圆碗与圆盘,花甲碗,银色铝箔圆碗 花甲碗（1000 ml）,Silver Aluminum Foil Clam Bowl (1000 ml),aluminum-foil-silver-clam-bowl,1000,φ185 × 85 mm,110 mm,1000,pcs,670 × 375 × 375 mm,images/main/aluminum-foil-silver-clam-bowl.webp,images/specification/aluminum-foil-silver-clam-bowl.webp
p20-02,20,silver,银色圆碗与圆盘,煲仔碗,银色铝箔圆碗 煲仔碗（750 ml）,Silver Aluminum Foil Claypot Bowl (750 ml),aluminum-foil-silver-claypot-bowl,750,φ183 × 65 mm,128 mm,1000,pcs,620 × 380 × 380 mm,images/main/aluminum-foil-silver-claypot-bowl.webp,images/specification/aluminum-foil-silver-claypot-bowl.webp
p20-03,20,silver,银色配套盖,煲仔盖·花甲盖,银色铝箔圆形配盖 煲仔盖·花甲盖,Silver Aluminum Foil Round Bowl Lid (183 mm),aluminum-foil-silver-round-bowl-lid,,φ183 mm,,1000,pcs,470 × 340 × 340 mm,images/main/aluminum-foil-silver-round-bowl-lid.webp,images/specification/aluminum-foil-silver-round-bowl-lid.webp
p20-04,20,silver,银色圆碗与圆盘,7寸盘,银色铝箔圆盘 7寸盘（630 ml）,Silver Aluminum Foil Round Plate 7 Inch (630 ml),aluminum-foil-silver-7-inch-plate,630,φ185 × 40 mm,148 mm,500,pcs,490 × 380 × 380 mm,images/main/aluminum-foil-silver-7-inch-plate.webp,images/specification/aluminum-foil-silver-7-inch-plate.webp
p20-05,20,silver,银色圆碗与圆盘,8寸盘,银色铝箔圆盘 8寸盘（880 ml）,Silver Aluminum Foil Round Plate 8 Inch (880 ml),aluminum-foil-silver-8-inch-plate,880,φ215 × 41 mm,178 mm,500,pcs,430 × 400 × 435 mm,images/main/aluminum-foil-silver-8-inch-plate.webp,images/specification/aluminum-foil-silver-8-inch-plate.webp
p20-06,20,silver,银色圆碗与圆盘,9寸盘,银色铝箔圆盘 9寸盘（1350 ml）,Silver Aluminum Foil Round Plate 9 Inch (1350 ml),aluminum-foil-silver-9-inch-plate,1350,φ234 × 46 mm,200 mm,500,pcs,470 × 400 × 480 mm,images/main/aluminum-foil-silver-9-inch-plate.webp,images/specification/aluminum-foil-silver-9-inch-plate.webp
p20-07,20,silver,银色配套盖,320盖,银色铝箔矩形配盖 320盖,Silver Aluminum Foil Rectangular Lid 320,aluminum-foil-silver-320-lid,,320 × 265 mm,,100,pcs,340 × 290 × 160 mm,images/main/aluminum-foil-silver-320-lid.webp,images/specification/aluminum-foil-silver-320-lid.webp
p20-08,20,silver,银色配套盖,370盖,银色铝箔矩形配盖 370盖,Silver Aluminum Foil Rectangular Lid 370,aluminum-foil-silver-370-lid,,370 × 270 mm,,100,pcs,390 × 295 × 180 mm,images/main/aluminum-foil-silver-370-lid.webp,images/specification/aluminum-foil-silver-370-lid.webp
