产品,页码,上架规格,包装,箱规mm,体积m³,原规格,原箱规
家用铝箔卷,4,250mm×8m,120 rolls/carton,555 × 450 × 295 mm,0.074,250mm×8m,55.5×45×29.5 cm
家用铝箔卷,4,250mm×16m,120 rolls/carton,555 × 450 × 295 mm,0.074,250mm×16m,55.5×45×29.5 cm
家用铝箔卷,4,300mm×5m,48 rolls/carton,330 × 240 × 320 mm,0.025,300mm×5m,33×24×32 cm
家用铝箔卷,4,300mm×10m,48 rolls/carton,330 × 240 × 320 mm,0.025,300mm×10m,33×24×32 cm
家用铝箔卷,4,300mm×50m,12 rolls/carton,230 × 175 × 335 mm,0.013,300mm×50m,23×17.5×33.5 cm
家用铝箔卷,4,450mm×5m,24 rolls/carton,280 × 190 × 470 mm,0.025,450mm×5m,28×19×47 cm
家用铝箔卷,4,450mm×10m,24 rolls/carton,280 × 190 × 470 mm,0.025,450mm×10m,28×19×47 cm
家用铝箔卷,4,450mm×20m,24 rolls/carton,325 × 220 × 470 mm,0.034,450mm×20m,32.5×22×47 cm
家用铝箔卷,4,25sq.ft (12in×25ft),24 rolls/carton,280 × 190 × 320 mm,0.017,25sq.ft (12in×25ft),28×19×32 cm
家用铝箔卷,4,37.5sq.ft (18in×25ft),24 rolls/carton,260 × 180 × 470 mm,0.022,37.5sq.ft (18in×25ft),26×18×47 cm
家用铝箔卷,4,75sq.ft (12in×75ft),24 rolls/carton,280 × 190 × 320 mm,0.017,75sq.ft (12in×75ft),28×19×32 cm
家用铝箔卷,4,200sq.ft (12in×200ft),12 rolls/carton,230 × 180 × 330 mm,0.014,200sq.ft (12in×200ft),23×18×33 cm
餐饮商用铝箔大卷,5,300mm×100m,6 rolls/carton,360 × 230 × 330 mm,0.027,300mm×100m,36×23×33 cm
餐饮商用铝箔大卷,5,300mm×150m,6 rolls/carton,360 × 236 × 160 mm,0.014,300mm×150m,36×23.6×16 cm
餐饮商用铝箔大卷,5,300mm×300m,4 rolls/carton,370 × 215 × 220 mm,0.018,300mm×300m,37×21.5×22 cm
餐饮商用铝箔大卷,5,450mm×100m,6 rolls/carton,300 × 210 × 510 mm,0.032,450mm×100m,30×21×51 cm
餐饮商用铝箔大卷,5,450mm×150m,6 rolls/carton,510 × 235 × 160 mm,0.019,450mm×150m,51×23.5×16 cm
餐饮商用铝箔大卷,5,450mm×300m,4 rolls/carton,510 × 215 × 215 mm,0.024,450mm×300m,51×21.5×21.5 cm
餐饮商用铝箔大卷,5,12in×500ft,216 rolls/pallet,1050 × 1060 × 990 mm,1.102,12in×500ft,105×106×99 cm
餐饮商用铝箔大卷,5,12in×1000ft,216 rolls/pallet,1050 × 1060 × 990 mm,1.102,12in×1000ft,105×106×99 cm
餐饮商用铝箔大卷,5,18in×500ft,160 rolls/pallet,1200 × 1080 × 900 mm,1.166,18in×500ft,120×108×90 cm
餐饮商用铝箔大卷,5,18in×1000ft,160 rolls/pallet,1050 × 1130 × 1000 mm,1.186,18in×1000ft,105×113×100 cm
水烟铝箔卷,6,120 mm × 5 m / 20 or 25 μm,30 rolls / carton,310 × 300 × 190 mm,0.0177,5m×12cm×20/25mic,310×300×190 cm
水烟铝箔卷,6,120 mm × 10 m / 20 or 25 μm,30 rolls / carton,310 × 300 × 190 mm,0.0177,10m×12cm×20/25mic,310×300×190 cm
水烟铝箔卷,6,130 mm × 5 m / 20 or 25 μm,30 rolls / carton,320 × 300 × 190 mm,0.0183,5m×13cm×20/25mic,320×300×190 cm
水烟铝箔卷,6,130 mm × 10 m / 20 or 25 μm,30 rolls / carton,320 × 300 × 190 mm,0.0183,10m×13cm×20/25mic,320×300×190 cm
水烟铝箔卷,6,140 mm × 5 m / 20 or 25 μm,30 rolls / carton,330 × 300 × 190 mm,0.0188,5m×14cm×20/25mic,330×300×190 cm
水烟铝箔卷,6,140 mm × 10 m / 20 or 25 μm,30 rolls / carton,330 × 300 × 190 mm,0.0188,10m×14cm×20/25mic,330×300×190 cm
水烟铝箔卷,6,150 mm × 5 m / 20 or 25 μm,30 rolls / carton,340 × 300 × 190 mm,0.0194,5m×15cm×20/25mic,340×300×190 cm
水烟铝箔卷,6,150 mm × 10 m / 20 or 25 μm,30 rolls / carton,340 × 300 × 190 mm,0.0194,10m×15cm×20/25mic,340×300×190 cm
水烟铝箔片,6,Round / φ120 mm / 20 or 25 μm,"50 sheets / pack; 200 packs / carton (10,000 sheets)",440 × 270 × 320 mm,0.038,12cm×12cm×20/25mic 圆片,440×270×320 cm
水烟铝箔片,6,Square / 120 × 120 mm / 20 or 25 μm,"50 sheets / pack; 200 packs / carton (10,000 sheets)",440 × 270 × 320 mm,0.038,12cm×12cm×20/25mic 方片,440×270×320 cm
水烟铝箔片,6,Round / φ130 mm / 20 or 25 μm,"50 sheets / pack; 200 packs / carton (10,000 sheets)",450 × 280 × 330 mm,0.0416,13cm×13cm×20/25mic 圆片,450×280×330 cm
水烟铝箔片,6,Square / 130 × 130 mm / 20 or 25 μm,"50 sheets / pack; 200 packs / carton (10,000 sheets)",450 × 280 × 330 mm,0.0416,13cm×13cm×20/25mic 方片,450×280×330 cm
水烟铝箔片,6,Round / φ140 mm / 20 or 25 μm,"50 sheets / pack; 200 packs / carton (10,000 sheets)",460 × 290 × 340 mm,0.0453,14cm×14cm×20/25mic 圆片,460×290×340 cm
水烟铝箔片,6,Square / 140 × 140 mm / 20 or 25 μm,"50 sheets / pack; 200 packs / carton (10,000 sheets)",460 × 290 × 340 mm,0.0453,14cm×14cm×20/25mic 方片,460×290×340 cm
水烟铝箔片,6,Round / φ150 mm / 20 or 25 μm,"50 sheets / pack; 200 packs / carton (10,000 sheets)",470 × 300 × 350 mm,0.0494,15cm×15cm×20/25mic 圆片,470×300×350 cm
水烟铝箔片,6,Square / 150 × 150 mm / 20 or 25 μm,"50 sheets / pack; 200 packs / carton (10,000 sheets)",470 × 300 × 350 mm,0.0494,15cm×15cm×20/25mic 方片,470×300×350 cm
